还款类型,资方服务费,,,,,,,,,,,,,,,,,,,,,,,,,,,,
还款方式,结算方式,实还时间,求和项:实还金额,,,,,,,,,,,,,,,,,,,,,,,,,,
线上,,,3864169.68,,,,,,,,,,,,,,,,,,,,,,,,,,
,提前结清,,32032.81,,,,,,,,,,,,,,,,,,,,,,,,,,
,,2026-05-27,790.1,,,,,,,,,,,,,,,,,,,,,,,,,,
,,2026-05-28,435.67,,,,,,,,,,,,,,,,,,,,,,,,,,
,,2026-05-29,524.35,,,,,,,,,,,,,,,,,,,,,,,,,,
,,2026-05-30,791.42,,,,,,,,,,,,,,,,,,,,,,,,,,
,,2026-05-31,823.07,,,,,,,,,,,,,,,,,,,,,,,,,,
,,2026-06-01,728.71,,,,,,,,,,,,,,,,,,,,,,,,,,
,,2026-06-02,760.85,,,,,,,,,,,,,,,,,,,,,,,,,,
,,2026-06-03,1795.77,,,,,,,,,,,,,,,,,,,,,,,,,,
,,2026-06-04,1061.78,,,,,,,,,,,,,,,,,,,,,,,,,,
,,2026-06-05,669.39,,,,,,,,,,,,,,,,,,,,,,,,,,
,,2026-06-06,779.23,,,,,,,,,,,,,,,,,,,,,,,,,,
,,2026-06-07,1055.15,,,,,,,,,,,,,,,,,,,,,,,,,,
,,2026-06-08,1402,,,,,,,,,,,,,,,,,,,,,,,,,,
,,2026-06-09,1598.79,,,,,,,,,,,,,,,,,,,,,,,,,,
,,2026-06-10,1270.45,,,,,,,,,,,,,,,,,,,,,,,,,,
,,2026-06-11,1047.86,,,,,,,,,,,,,,,,,,,,,,,,,,
,,2026-06-12,801.52,,,,,,,,,,,,,,,,,,,,,,,,,,
,,2026-06-13,1251.19,,,,,,,,,,,,,,,,,,,,,,,,,,
,,2026-06-14,1569.24,,,,,,,,,,,,,,,,,,,,,,,,,,
,,2026-06-15,1554.85,,,,,,,,,,,,,,,,,,,,,,,,,,
,,2026-06-16,880.14,,,,,,,,,,,,,,,,,,,,,,,,,,
,,2026-06-17,595.84,,,,,,,,,,,,,,,,,,,,,,,,,,
,,2026-06-18,978.07,,,,,,,,,,,,,,,,,,,,,,,,,,
,,2026-06-19,761.55,,,,,,,,,,,,,,,,,,,,,,,,,,
,,2026-06-20,427.24,,,,,,,,,,,,,,,,,,,,,,,,,,
,,2026-06-21,363.69,,,,,,,,,,,,,,,,,,,,,,,,,,
,,2026-06-22,891.63,,,,,,,,,,,,,,,,,,,,,,,,,,
,,2026-06-23,781.56,,,,,,,,,,,,,,,,,,,,,,,,,,
,,2026-06-24,1520.93,,,,,,,,,,,,,,,,,,,,,,,,,,
,,2026-06-25,1328.58,,,,,,,,,,,,,,,,,,,,,,,,,,
,,2026-06-26,595.21,,,,,,,,,,,,,,,,,,,,,,,,,,
,,2026-06-27,528.72,,,,,,,,,,,,,,,,,,,,,,,,,,
,,2026-06-28,750.53,,,,,,,,,,,,,,,,,,,,,,,,,,
,,2026-06-29,861.87,,,,,,,,,,,,,,,,,,,,,,,,,,
,,2026-06-30,55.86,,,,,,,,,,,,,,,,,,,,,,,,,,
,正常还款,,3832136.87,,,,,,,,,,,,,,,,,,,,,,,,,,
,,2026-05-27,8863.57,,,,,,,,,,,,,,,,,,,,,,,,,,
,,2026-06-01,38827.94,,,,,,,,,,,,,,,,,,,,,,,,,,
,,2026-06-02,13066.19,,,,,,,,,,,,,,,,,,,,,,,,,,
,,2026-06-03,14133.66,,,,,,,,,,,,,,,,,,,,,,,,,,
,,2026-06-04,10874.87,,,,,,,,,,,,,,,,,,,,,,,,,,
,,2026-06-05,14400.51,,,,,,,,,,,,,,,,,,,,,,,,,,
,,2026-06-06,24708.94,,,,,,,,,,,,,,,,,,,,,,,,,,
,,2026-06-07,36952.53,,,,,,,,,,,,,,,,,,,,,,,,,,
,,2026-06-08,94833.4899999998,,,,,,,,,,,,,,,,,,,,,,,,,,
,,2026-06-09,333920.479999999,,,,,,,,,,,,,,,,,,,,,,,,,,
,,2026-06-10,1120733.54,,,,,,,,,,,,,,,,,,,,,,,,,,
,,2026-06-11,221078.300000001,,,,,,,,,,,,,,,,,,,,,,,,,,
,,2026-06-12,48377.72,,,,,,,,,,,,,,,,,,,,,,,,,,
,,2026-06-13,24139.48,,,,,,,,,,,,,,,,,,,,,,,,,,
,,2026-06-14,68372.57,,,,,,,,,,,,,,,,,,,,,,,,,,
,,2026-06-15,367623.99,,,,,,,,,,,,,,,,,,,,,,,,,,
,,2026-06-16,98613.0699999999,,,,,,,,,,,,,,,,,,,,,,,,,,
,,2026-06-17,28338.41,,,,,,,,,,,,,,,,,,,,,,,,,,
,,2026-06-18,37462.38,,,,,,,,,,,,,,,,,,,,,,,,,,
,,2026-06-19,75903.8800000001,,,,,,,,,,,,,,,,,,,,,,,,,,
,,2026-06-20,358789.98,,,,,,,,,,,,,,,,,,,,,,,,,,
,,2026-06-21,87862.6800000001,,,,,,,,,,,,,,,,,,,,,,,,,,
,,2026-06-22,32235.32,,,,,,,,,,,,,,,,,,,,,,,,,,
,,2026-06-23,33744.2399999999,,,,,,,,,,,,,,,,,,,,,,,,,,
,,2026-06-24,93008.1999999997,,,,,,,,,,,,,,,,,,,,,,,,,,
,,2026-06-25,429504.81,,,,,,,,,,,,,,,,,,,,,,,,,,
,,2026-06-26,104795.44,,,,,,,,,,,,,,,,,,,,,,,,,,
,,2026-06-27,10970.68,,,,,,,,,,,,,,,,,,,,,,,,,,
线下,,,708778.820000002,,,,,,,,,,,,,,,,,,,,,,,,,,
,代偿,,586883.850000002,,,,,,,,,,,,,,,,,,,,,,,,,,
,,2026-05-28,80034.1899999998,,,,,,,,,,,,,,,,,,,,,,,,,,
,,2026-06-13,222637.800000001,,,,,,,,,,,,,,,,,,,,,,,,,,
,,2026-06-18,93059.1000000004,,,,,,,,,,,,,,,,,,,,,,,,,,
,,2026-06-23,91361.6500000005,,,,,,,,,,,,,,,,,,,,,,,,,,
,,2026-06-28,99791.1100000003,,,,,,,,,,,,,,,,,,,,,,,,,,
,回购,,98066.6,,,,,,,,,,,,,,,,,,,,,,,,,,
,,2026-05-28,4398,,,,,,,,,,,,,,,,,,,,,,,,,,
,,2026-06-11,3601.67,,,,,,,,,,,,,,,,,,,,,,,,,,
,,2026-06-13,34022.53,,,,,,,,,,,,,,,,,,,,,,,,,,
,,2026-06-15,6444.24,,,,,,,,,,,,,,,,,,,,,,,,,,
,,2026-06-16,17.25,,,,,,,,,,,,,,,,,,,,,,,,,,
,,2026-06-18,11378.41,,,,,,,,,,,,,,,,,,,,,,,,,,
,,2026-06-23,14823.76,,,,,,,,,,,,,,,,,,,,,,,,,,
,,2026-06-28,23380.74,,,,,,,,,,,,,,,,,,,,,,,,,,
,提前结清,,291.64,,,,,,,,,,,,,,,,,,,,,,,,,,
,,2026-06-02,24.61,,,,,,,,,,,,,,,,,,,,,,,,,,
,,2026-06-07,89.78,,,,,,,,,,,,,,,,,,,,,,,,,,
,,2026-06-19,24.06,,,,,,,,,,,,,,,,,,,,,,,,,,
,,2026-06-20,37.5,,,,,,,,,,,,,,,,,,,,,,,,,,
,,2026-06-24,98.8,,,,,,,,,,,,,,,,,,,,,,,,,,
,,2026-06-29,16.89,,,,,,,,,,,,,,,,,,,,,,,,,,
,退费,,1393.83,,,,,,,,,,,,,,,,,,,,,,,,,,
,,2026-05-27,2.17,,,,,,,,,,,,,,,,,,,,,,,,,,
,,2026-05-28,26.24,,,,,,,,,,,,,,,,,,,,,,,,,,
,,2026-05-31,2.57,,,,,,,,,,,,,,,,,,,,,,,,,,
,,2026-06-01,2.78,,,,,,,,,,,,,,,,,,,,,,,,,,
,,2026-06-04,13.87,,,,,,,,,,,,,,,,,,,,,,,,,,
,,2026-06-08,15.81,,,,,,,,,,,,,,,,,,,,,,,,,,
,,2026-06-09,200.28,,,,,,,,,,,,,,,,,,,,,,,,,,
,,2026-06-10,122.3,,,,,,,,,,,,,,,,,,,,,,,,,,
,,2026-06-11,35.79,,,,,,,,,,,,,,,,,,,,,,,,,,
,,2026-06-12,25.95,,,,,,,,,,,,,,,,,,,,,,,,,,
,,2026-06-13,54.05,,,,,,,,,,,,,,,,,,,,,,,,,,
,,2026-06-14,67.45,,,,,,,,,,,,,,,,,,,,,,,,,,
,,2026-06-15,65.41,,,,,,,,,,,,,,,,,,,,,,,,,,
,,2026-06-16,129.61,,,,,,,,,,,,,,,,,,,,,,,,,,
,,2026-06-17,77.65,,,,,,,,,,,,,,,,,,,,,,,,,,
,,2026-06-18,99.92,,,,,,,,,,,,,,,,,,,,,,,,,,
,,2026-06-19,32.04,,,,,,,,,,,,,,,,,,,,,,,,,,
,,2026-06-20,50.39,,,,,,,,,,,,,,,,,,,,,,,,,,
,,2026-06-21,0.68,,,,,,,,,,,,,,,,,,,,,,,,,,
,,2026-06-22,182.57,,,,,,,,,,,,,,,,,,,,,,,,,,
,,2026-06-23,30.55,,,,,,,,,,,,,,,,,,,,,,,,,,
,,2026-06-24,102.46,,,,,,,,,,,,,,,,,,,,,,,,,,
,,2026-06-25,26.99,,,,,,,,,,,,,,,,,,,,,,,,,,
,,2026-06-26,3.54,,,,,,,,,,,,,,,,,,,,,,,,,,
,,2026-06-27,22.76,,,,,,,,,,,,,,,,,,,,,,,,,,
,正常还款,,22142.9,,,,,,,,,,,,,,,,,,,,,,,,,,
,,2026-05-27,859.2,,,,,,,,,,,,,,,,,,,,,,,,,,
,,2026-06-01,166.39,,,,,,,,,,,,,,,,,,,,,,,,,,
,,2026-06-08,333.19,,,,,,,,,,,,,,,,,,,,,,,,,,
,,2026-06-09,603.21,,,,,,,,,,,,,,,,,,,,,,,,,,
,,2026-06-10,4189.9,,,,,,,,,,,,,,,,,,,,,,,,,,
,,2026-06-11,4004.53,,,,,,,,,,,,,,,,,,,,,,,,,,
,,2026-06-12,1415.19,,,,,,,,,,,,,,,,,,,,,,,,,,
,,2026-06-14,54.01,,,,,,,,,,,,,,,,,,,,,,,,,,
,,2026-06-15,1669.15,,,,,,,,,,,,,,,,,,,,,,,,,,
,,2026-06-16,1413.59,,,,,,,,,,,,,,,,,,,,,,,,,,
,,2026-06-17,569.18,,,,,,,,,,,,,,,,,,,,,,,,,,
,,2026-06-18,261.64,,,,,,,,,,,,,,,,,,,,,,,,,,
,,2026-06-19,548.47,,,,,,,,,,,,,,,,,,,,,,,,,,
,,2026-06-20,1135.11,,,,,,,,,,,,,,,,,,,,,,,,,,
,,2026-06-21,595.79,,,,,,,,,,,,,,,,,,,,,,,,,,
,,2026-06-22,690.18,,,,,,,,,,,,,,,,,,,,,,,,,,
,,2026-06-24,259.98,,,,,,,,,,,,,,,,,,,,,,,,,,
,,2026-06-25,1807.17,,,,,,,,,,,,,,,,,,,,,,,,,,
,,2026-06-26,1483.23,,,,,,,,,,,,,,,,,,,,,,,,,,
,,2026-06-27,83.79,,,,,,,,,,,,,,,,,,,,,,,,,,
总计,,,4572948.5,,,,,,,,,,,,,,,,,,,,,,,,,,
